year,artist,album,label,sales_raw,certification,country,shipments_units,list_source,source_url,musicbrainz_id,mb_release_date_iso,mb_release_year,mb_country
1996,2Pac,All Eyez On Me,Death Row Records,5000000,10× Platinum(2-disc album),,5000000,List_of_best-selling_albums_in_the_United_States,https://en.wikipedia.org/wiki/List_of_best-selling_albums_in_the_United_States,e2621417-9236-36b4-9f9e-376c416dc4b0,1996-02-13,1996.0,AU
1998,2Pac,Greatest Hits,Interscope,"(5,100,000)[43]",10× Platinum(2-disc album),,5100000,List_of_best-selling_albums_in_the_United_States,https://en.wikipedia.org/wiki/List_of_best-selling_albums_in_the_United_States,70e2423a-6a30-3ea0-a977-d1a21084f31a,1998-11-24,1998.0,AU
,ABBA,Gold: Greatest Hits,,"21.9 US: 6 million[8] JPN: 600,000[108] UK: 6.3 million[118] GER: 2.5 million[11] FRA: 1 million[53] CAN: 1 million[13] AUS: 1.19 million[14] BRA: 100,000[36] NLD: 100,000[16] ITA: 100,000[17] SPA: 500,000[33] SWE: 500,000[18] SWI: 500,000[20] MEX: 250,000[15] ARG: 240,000[38] BEL: 350,000[44] AUT: 150,000[21] DEN: 570,000[119] POL: 100,000[39] FIN: 145,962[22] NZ: 240,000[23] POR: 20,000[77] RUS: 10,000[120]",,,21,List_of_best-selling_albums,https://en.wikipedia.org/wiki/List_of_best-selling_albums,b69d665a-3eee-39f3-b156-58b122232304,1992-09-21,1992.0,AR
1980,AC/DC,Back in Black,Atlantic,27000000,27× Platinum‡,,27000000,List_of_best-selling_albums_in_the_United_States,https://en.wikipedia.org/wiki/List_of_best-selling_albums_in_the_United_States,d3bc1a64-7561-3787-b680-0003aa50f8f1,1980-07-25,1980.0,CA
,Ace of Base,Happy Nation/The Sign,,"14.4 US: 9 million[8] JPN: 600,000[9] UK: 600,000[10] GER: 1.5 million[11] FRA: 1 million[53] CAN: 1 million[13] AUS: 70,000[14] BRA: 100,000[36] NLD: 200,000[16] SPA: 100,000[43] SWI: 100,000[20] AUT: 75,000[21] FIN: 82,715[22] NZ: 15,000[23]",,,14,List_of_best-selling_albums,https://en.wikipedia.org/wiki/List_of_best-selling_albums,,,,
2011,Adele,21,Columbia/XL,"(12,100,000)[13]",17× Platinum‡,,12100000,List_of_best-selling_albums_in_the_United_States,https://en.wikipedia.org/wiki/List_of_best-selling_albums_in_the_United_States,e4174758-d333-4a8e-a31f-dd0edd51518e,2011-01-19,2011.0,BR
2015,Adele,25,Columbia/XL,"(9,600,000)[13]",12× Platinum‡,,9600000,List_of_best-selling_albums_in_the_United_States,https://en.wikipedia.org/wiki/List_of_best-selling_albums_in_the_United_States,5537624c-3d2f-4f5c-8099-df916082c85c,2015-11-20,2015.0,ZA
1980,Aerosmith,Greatest Hits,Columbia,12000000,12× Platinum‡,,12000000,List_of_best-selling_albums_in_the_United_States,https://en.wikipedia.org/wiki/List_of_best-selling_albums_in_the_United_States,fecf840e-ea5e-4867-bfac-6ff1e2109a64,2008,2008.0,RU
After 1946,Al Jolson,The Jolson Story,,1,,,1,List_of_best-selling_albums,https://en.wikipedia.org/wiki/List_of_best-selling_albums,3a74c978-d8aa-4de2-9d36-39dd71e84f8b,1997-12-08,1997.0,
1995,Alanis Morissette,Jagged Little Pill,Maverick,"(15,550,000)[5][7]",17× Platinum‡,,15550000,List_of_best-selling_albums_in_the_United_States,https://en.wikipedia.org/wiki/List_of_best-selling_albums_in_the_United_States,ee3d18ed-d6a8-37c7-a964-41bbdb6d59f1,1995-06-09,1995.0,AU
,Amy Winehouse,Back to Black,,"10 US: 2 million[8] JPN: 100,000[9] UK: 4.2 million[10] GER: 1.2 million[11] FRA: 400,000[53] CAN: 100,000[13] AUS: 420,000[14] BRA: 250,000[36] ITA: 200,000[17] SPA: 160,000[57] BEL: 150,000[44] POL: 40,000[39] DEN: 160,000[217] AUT: 210,000[21] NOR: 40,000[71] SWI: 210,000[20] FIN: 33,884[22] RUS: 40,000[92] NZ: 90,000[23] HUN: 6,000[28]",,,10,List_of_best-selling_albums,https://en.wikipedia.org/wiki/List_of_best-selling_albums,6eac2e57-ee50-36f8-b0c4-c4c847a2c098,2006-10-30,2006.0,AU
,Andrea Bocelli,Romanza,,"10.1 US: 3 million[8] UK: 300,000[10] GER: 1 million[11] FRA: 1.3 million[53] CAN: 1.3 million[13] AUS: 490,000[14] BRA: 900,000[36] ITA: 30,000[17] SWE: 80,000[18] SPA: 500,000[35] ARG: 500,000[38] BEL: 100,000[44] SWI: 350,000[20] NOR: 150,000[45] AUT: 50,000[21] FIN: 28,592[22] NZ: 45,000[23]",,,10,List_of_best-selling_albums,https://en.wikipedia.org/wiki/List_of_best-selling_albums,f0643924-9720-3c13-a4b6-d7623c8f74b3,1996,1996.0,AU
1997,Backstreet Boys,Backstreet Boys,Jive,"(11,920,000)[5][10]",14× Platinum,,11920000,List_of_best-selling_albums_in_the_United_States,https://en.wikipedia.org/wiki/List_of_best-selling_albums_in_the_United_States,738af50b-010e-4473-8f42-caa642bd5a8a,1997-08-12,1997.0,US
1999,Backstreet Boys,Millennium,Jive,"(13,890,000)[5][10]",13× Platinum,,13890000,List_of_best-selling_albums_in_the_United_States,https://en.wikipedia.org/wiki/List_of_best-selling_albums_in_the_United_States,a8fb6ac6-a659-320f-8736-87b52ad65e3a,1999-04-28,1999.0,CA
1986,Beastie Boys,Licensed to Ill,Def Jam,10000000,10× Platinum,,10000000,List_of_best-selling_albums_in_the_United_States,https://en.wikipedia.org/wiki/List_of_best-selling_albums_in_the_United_States,57f5e7c8-2a6e-34a0-b4cd-0e77695bc36f,1986-11-15,1986.0,AU
,Bee Gees / Various artists,Saturday Night Fever,,"22.1 US: 16 million[8] UK: 2.1 million[10] GER: 1.5 million[11] FRA: 200,000[12] CAN: 1.4 million[13] AUS: 770,000[64] NLD: 100,000[16] ITA: 25,000[17] HKG: 15,000[25]",,,22,List_of_best-selling_albums,https://en.wikipedia.org/wiki/List_of_best-selling_albums,,,,
1979,Bee Gees/Various Artists,Saturday Night Fever,,25–27,,,25,List_of_best-selling_albums,https://en.wikipedia.org/wiki/List_of_best-selling_albums,,,,
1977,Billy Joel,The Stranger,Columbia,12000000,12× Platinum‡,,12000000,List_of_best-selling_albums_in_the_United_States,https://en.wikipedia.org/wiki/List_of_best-selling_albums_in_the_United_States,735bcee6-6be6-3957-af15-d21ba2bd355b,1977-09-29,1977.0,CA
1985,Billy Joel,Greatest Hits – Volume I & Volume II,Columbia,11500000,23× Platinum(2-disc album),,11500000,List_of_best-selling_albums_in_the_United_States,https://en.wikipedia.org/wiki/List_of_best-selling_albums_in_the_United_States,,,,
1984,Bob Marley & The Wailers,Legend,Island,18000000,18× Platinum‡,,18000000,List_of_best-selling_albums_in_the_United_States,https://en.wikipedia.org/wiki/List_of_best-selling_albums_in_the_United_States,cfde625e-0143-3beb-9eca-ffbac5a15f6f,1994,1994.0,US
,Bob Marley and the Wailers,Legend: The Best of Bob Marley & The Wailers,,"25.9 US: 18 million[8] UK: 4.260 million[10] GER: 500,000[11] FRA: 1 million[53] CAN: 200,000[13] AUS: 420,000[14] NLD: 100,000[16] ITA: 100,000[17] SWE: 50,000[18] SPA: 100,000[57] ARG: 240,000[38] BEL: 200,000[44] NOR: 25,000[45] SWI: 300,000[20] AUT: 100,000[21] FIN: 36,703[22] NZ: 300,000[23]",,,25,List_of_best-selling_albums,https://en.wikipedia.org/wiki/List_of_best-selling_albums,1a4c52cd-483a-347c-93f9-4d512767c7ba,1984-05-08,1984.0,AU
1994,Bob Seger,Greatest Hits,Capitol,"(9,062,000)[24]",10× Platinum‡,,9062000,List_of_best-selling_albums_in_the_United_States,https://en.wikipedia.org/wiki/List_of_best-selling_albums_in_the_United_States,4bdb8da2-ed18-3084-918c-0cfd50879504,1994-10-25,1994.0,AU
1986,Bon Jovi,Slippery When Wet,Mercury Records,15000000,15× Platinum‡,,15000000,List_of_best-selling_albums_in_the_United_States,https://en.wikipedia.org/wiki/List_of_best-selling_albums_in_the_United_States,f07346e6-c889-33b8-83c8-ad987d7b14f6,1986-08-10,1986.0,AU
,Bon Jovi,Cross Road,,"15 US: 7 million[8] JPN: 1 million[9] UK: 1.8 million[10] GER: 1 million[11] FRA: 300,000[12] CAN: 1 million[13] AUS: 910,000[14] ITA: 500,000[71] NLD: 200,000[16] SWE: 100,000[18] SPA: 400,000[43] ARG: 240,000[38] BEL: 100,000[44] SWI: 150,000[20] AUT: 150,000[21] POL: 50,000[39] FIN: 123,354[22] NZ: 105,000[24]",,,15,List_of_best-selling_albums,https://en.wikipedia.org/wiki/List_of_best-selling_albums,83ec3494-9cec-3f5f-b5f8-306caf7676f9,1994-10-04,1994.0,AR
1976,Boston,Boston,Epic Records,17000000,17× Platinum,,17000000,List_of_best-selling_albums_in_the_United_States,https://en.wikipedia.org/wiki/List_of_best-selling_albums_in_the_United_States,f0371fc4-3e22-3d8d-8ce3-4af873ea6f1c,1976-09,1976.0,XE
1994,Boyz II Men,II,Motown,"(9,890,000)[5][21]",12× Platinum,,9890000,List_of_best-selling_albums_in_the_United_States,https://en.wikipedia.org/wiki/List_of_best-selling_albums_in_the_United_States,6eaebb45-8911-3d0b-8ef3-914726356144,1994-08-30,1994.0,AU
1999,Britney Spears,...Baby One More Time,Jive,"(12,300,000)[5][10]",14× Platinum [13],,12300000,List_of_best-selling_albums_in_the_United_States,https://en.wikipedia.org/wiki/List_of_best-selling_albums_in_the_United_States,faeb8741-2ca0-3ca6-8a1a-70bab1e67c82,1999-01-12,1999.0,BR
2000,Britney Spears,Oops!... I Did It Again,Jive,"(10,411,000)[5][10]",10× Platinum,,10411000,List_of_best-selling_albums_in_the_United_States,https://en.wikipedia.org/wiki/List_of_best-selling_albums_in_the_United_States,f2708dcf-14e6-31f1-90e0-b3e933a0c8a3,2000-05-11,2000.0,CN
1984,Bruce Springsteen,Born in the U.S.A.,Columbia,17000000,17× Platinum‡,,17000000,List_of_best-selling_albums_in_the_United_States,https://en.wikipedia.org/wiki/List_of_best-selling_albums_in_the_United_States,3c39a076-8e52-38f2-8076-260d0672fb23,1984-05,1984.0,AR
1986,Bruce Springsteen,Live/1975–85,Columbia,4333333,13× Platinum(3-disc album),,4333333,List_of_best-selling_albums_in_the_United_States,https://en.wikipedia.org/wiki/List_of_best-selling_albums_in_the_United_States,85206823-9808-3da2-a9d7-2e9b8b0f4e99,1985,1985.0,TH
1971,Carole King,Tapestry,Ode,14000000,14× Platinum‡,,14000000,List_of_best-selling_albums_in_the_United_States,https://en.wikipedia.org/wiki/List_of_best-selling_albums_in_the_United_States,f19ed22b-b549-43e4-9c58-158f4cc0ba6d,2017-09-15,2017.0,AF
2015,Cast Recording,Hamilton,Atlantic Records,"(1,970,000)[49]",10× Platinum‡(2-disc album),,1970000,List_of_best-selling_albums_in_the_United_States,https://en.wikipedia.org/wiki/List_of_best-selling_albums_in_the_United_States,,,,
1996,Celine Dion,Falling into You,Epic Records,"(11,799,000)[5][14]",12× Platinum,,11799000,List_of_best-selling_albums_in_the_United_States,https://en.wikipedia.org/wiki/List_of_best-selling_albums_in_the_United_States,7c89982d-e6a6-3811-828d-5462a69f0ddf,1996-03-07,1996.0,BR
1997,Celine Dion,Let's Talk About Love,Epic Records,"(10,711,000)[5][14]",11× Platinum‡,,10711000,List_of_best-selling_albums_in_the_United_States,https://en.wikipedia.org/wiki/List_of_best-selling_albums_in_the_United_States,d90d5240-d510-3d82-95ba-13c6624ea28c,1997-11-14,1997.0,AR
,Celine Dion,All the Way... A Decade of Song,,"14.4 US: 7 million[8] JPN: 2 million[9] UK: 1.2 million[10] GER: 1.050 million[11] FRA: 600,000[53] CAN: 1 million[13] AUS: 350,000[14] BRA: 250,000[36] SWE: 160,000[18] SPA: 200,000[57] ARG: 60,000[38] BEL: 150,000[44] NOR: 100,000[45] SWI: 150,000[20] AUT: 50,000[21] POL: 100,000[39] FIN: 55,713[22] NZ: 60,000[23]",,,14,List_of_best-selling_albums,https://en.wikipedia.org/wiki/List_of_best-selling_albums,023cceb2-76bc-388f-9bc7-7c43b4e5ee89,1999-11-13,1999.0,AU
,Celine Dion,The Colour of My Love,,"11.1 US: 6 million[8] JPN: 600,000[9] UK: 1.5 million[10] GER: 250,000[11] FRA: 300,000[12] CAN: 1 million[13] AUS: 630,000[14] NLD: 300,000[16] SWE: 100,000[18] SPA: 100,000[57] BEL: 100,000[44] NOR: 150,000[45] SWI: 50,000[20] AUT: 25,000[21] FIN: 40,289[22] NZ: 15,000[23]",,,11,List_of_best-selling_albums,https://en.wikipedia.org/wiki/List_of_best-selling_albums,8c382a8b-8a02-3492-b881-f0fc4359ee83,1993-11-09,1993.0,CA
1999,Creed,Human Clay,Wind-up Records,"(11,700,000)[15]",11× Platinum,,11700000,List_of_best-selling_albums_in_the_United_States,https://en.wikipedia.org/wiki/List_of_best-selling_albums_in_the_United_States,1e3d8943-22c1-39b1-9b7c-32f594e30db8,1999-07-24,1999.0,AU
1976,Creedence Clearwater Revival,"Chronicle, Vol. 1",Fantasy,12000000,12× Platinum‡,,12000000,List_of_best-selling_albums_in_the_United_States,https://en.wikipedia.org/wiki/List_of_best-selling_albums_in_the_United_States,0411d11f-d310-3425-8f46-a16243d15763,1976,1976.0,DE
1983,Def Leppard,Pyromania,Mercury Records,10000000,10× Platinum,,10000000,List_of_best-selling_albums_in_the_United_States,https://en.wikipedia.org/wiki/List_of_best-selling_albums_in_the_United_States,d77df681-b779-3d6d-b66a-3bfd15985e3e,1983-01-20,1983.0,PT
1987,Def Leppard,Hysteria,Mercury Records,12000000,12× Platinum,,12000000,List_of_best-selling_albums_in_the_United_States,https://en.wikipedia.org/wiki/List_of_best-selling_albums_in_the_United_States,12fa3845-7c62-36e5-a8da-8be137155a72,1987-08-03,1987.0,XE
,Dire Straits,Brothers in Arms,,"21.1 US: 9 million[8] UK: 4.2 million[10] GER: 500,000[11] FRA: 3 million[53] CAN: 1 million[13] AUS: 1.19 million[14] ITA: 550,000[17][71] SPA: 300,000[34] SWE: 50,000[18] ARG: 30,000[38] BEL: 200,000[44] DEN: 120,000[122] SWI: 300,000[20] AUT: 200,000[21] POL: 50,000[39] FIN: 116,784[22] NZ: 360,000[48] HKG: 15,000[25]",,,21,List_of_best-selling_albums,https://en.wikipedia.org/wiki/List_of_best-selling_albums,b02f651e-32a1-30ae-bc23-070b59170278,1985-05-15,1985.0,CA
1998,Dixie Chicks,Wide Open Spaces,Monument,"(10,121,000)[5][20]",13× Platinum‡,,10121000,List_of_best-selling_albums_in_the_United_States,https://en.wikipedia.org/wiki/List_of_best-selling_albums_in_the_United_States,aa59ec91-3d04-3fd1-a53c-96730b2afa75,1998-01-27,1998.0,AU
1999,Dixie Chicks,Fly,Monument Records,"(8,396,000)[20]",11× Platinum‡,,8396000,List_of_best-selling_albums_in_the_United_States,https://en.wikipedia.org/wiki/List_of_best-selling_albums_in_the_United_States,e1fbdc3d-2aa4-345d-ae0e-40bfb1552431,1999-08-27,1999.0,CA
2011,Drake,Take Care,Young Money/Cash Money/Republic,"(2,338,000)[48]",10× Platinum‡,,2338000,List_of_best-selling_albums_in_the_United_States,https://en.wikipedia.org/wiki/List_of_best-selling_albums_in_the_United_States,47809021-4515-4215-beea-db3f5dfb6267,2011-11-14,2011.0,GB
1976,Eagles,Hotel California,Asylum,26000000,26× Platinum‡,,26000000,List_of_best-selling_albums_in_the_United_States,https://en.wikipedia.org/wiki/List_of_best-selling_albums_in_the_United_States,91bf707c-6c33-4efd-83ca-e4c88f14bcaa,1992,1992.0,DE
1976,Eagles,Their Greatest Hits (1971–1975),Asylum,38000000,38× Platinum‡,,38000000,List_of_best-selling_albums_in_the_United_States,https://en.wikipedia.org/wiki/List_of_best-selling_albums_in_the_United_States,,,,
1982,Eagles,"Eagles Greatest Hits, Vol. 2",Asylum,11000000,11× Platinum,,11000000,List_of_best-selling_albums_in_the_United_States,https://en.wikipedia.org/wiki/List_of_best-selling_albums_in_the_United_States,,,,
1974,Elton John,Greatest Hits,Polydor,17000000,17× Platinum‡,,17000000,List_of_best-selling_albums_in_the_United_States,https://en.wikipedia.org/wiki/List_of_best-selling_albums_in_the_United_States,0e4463f3-7966-3448-b5d3-b7e36fcda117,,,
1970,Elvis Presley,Elvis' Christmas Album (budget reissue of 1957 LP with altered track listing),RCA Camden/Pickwick,10000000,10× Platinum,,10000000,List_of_best-selling_albums_in_the_United_States,https://en.wikipedia.org/wiki/List_of_best-selling_albums_in_the_United_States,,,,
,Elvis Presley,Elvis' Christmas Album,,"20.8 US: 20 million[192] UK: 440,000[10] CAN: 400,000[13] AUS: 35,000[14]",,,20,List_of_best-selling_albums,https://en.wikipedia.org/wiki/List_of_best-selling_albums,626a3486-a3ef-3cf6-bdda-11c55b529509,1957-10-15,1957.0,US
2000,Eminem,The Marshall Mathers LP,Aftermath,"(12,940,000)[5][10]",11× Platinum‡(as of 2022),,12940000,List_of_best-selling_albums_in_the_United_States,https://en.wikipedia.org/wiki/List_of_best-selling_albums_in_the_United_States,b0fa91c8-0996-38f1-ab84-797f58d7c4eb,2000-05-22,2000.0,AU
2002,Eminem,The Eminem Show,Aftermath,"(10,700,000)[10]",12× Platinum‡,,10700000,List_of_best-selling_albums_in_the_United_States,https://en.wikipedia.org/wiki/List_of_best-selling_albums_in_the_United_States,e9585ed4-d148-3711-bbee-55a97b58325a,2002-05-27,2002.0,AU
2005,Eminem,Curtain Call: The Hits,Aftermath,"(3,782,000)[46]",10× Platinum‡,,3782000,List_of_best-selling_albums_in_the_United_States,https://en.wikipedia.org/wiki/List_of_best-selling_albums_in_the_United_States,1a18928e-1d32-32f2-a10e-e1f76e86bc8b,2005-12-02,2005.0,AU
1992,Eric Clapton,Unplugged,Reprise Records,"(7,617,000)[36]",10× Platinum,,7617000,List_of_best-selling_albums_in_the_United_States,https://en.wikipedia.org/wiki/List_of_best-selling_albums_in_the_United_States,61c4a210-6e90-3d41-b6c1-fd2c7e4fb6ac,1992-08-21,1992.0,AU
2003,Evanescence,Fallen,Wind-up,"(8,000,000)[32]",10× Platinum‡,,8000000,List_of_best-selling_albums_in_the_United_States,https://en.wikipedia.org/wiki/List_of_best-selling_albums_in_the_United_States,2187d248-1a3b-35d0-a4ec-bead586ff547,2003-03-04,2003.0,AU
1977,Fleetwood Mac,Rumours,Warner Bros.,21000000,21× Platinum‡,,21000000,List_of_best-selling_albums_in_the_United_States,https://en.wikipedia.org/wiki/List_of_best-selling_albums_in_the_United_States,416bb5e5-c7d1-3977-8fd7-7c9daf6c2be6,1977-02-04,1977.0,DE
1989,Garth Brooks,Garth Brooks,Capitol,10000000,10× Platinum,,10000000,List_of_best-selling_albums_in_the_United_States,https://en.wikipedia.org/wiki/List_of_best-selling_albums_in_the_United_States,52bab202-d3af-3f77-9de7-06302791ab80,1989-04-12,1989.0,CA
1990,Garth Brooks,No Fences,Capitol Nashville,18000000,18× Platinum‡,,18000000,List_of_best-selling_albums_in_the_United_States,https://en.wikipedia.org/wiki/List_of_best-selling_albums_in_the_United_States,d4377787-0d92-3902-997a-feb75f4dee2d,1990-08-27,1990.0,CA
1991,Garth Brooks,Ropin' the Wind,Capitol Nashville,"(9,600,000)[10]",14× Platinum,,9600000,List_of_best-selling_albums_in_the_United_States,https://en.wikipedia.org/wiki/List_of_best-selling_albums_in_the_United_States,0532c91d-e099-3d5c-8fac-4711035f7297,1991-09-10,1991.0,US
1992,Garth Brooks,The Chase,Liberty Records,"(5,100,000)[42]",10× Platinum‡,,5100000,List_of_best-selling_albums_in_the_United_States,https://en.wikipedia.org/wiki/List_of_best-selling_albums_in_the_United_States,1d1c66cc-84b7-3c72-ac81-84f3e7785c79,1992-09-22,1992.0,CA
1993,Garth Brooks,In Pieces,Capitol,10000000,10× Platinum‡,,10000000,List_of_best-selling_albums_in_the_United_States,https://en.wikipedia.org/wiki/List_of_best-selling_albums_in_the_United_States,3ff6b94c-1765-3d58-a6e0-edc7b552fcba,1993-08-31,1993.0,CA
1994,Garth Brooks,The Hits,Liberty Records,"(7,821,000)[35]",10× Platinum,,7821000,List_of_best-selling_albums_in_the_United_States,https://en.wikipedia.org/wiki/List_of_best-selling_albums_in_the_United_States,ef17967a-296b-3d3b-a59b-758ff5b1caae,1994-12-12,1994.0,CA
1997,Garth Brooks,Sevens,Capitol Records,"(5,700,000)[42]",10× Platinum‡,,5700000,List_of_best-selling_albums_in_the_United_States,https://en.wikipedia.org/wiki/List_of_best-selling_albums_in_the_United_States,ff2e3f28-9d22-344e-a1bd-723e3d29525c,1997-11-25,1997.0,XE
1998,Garth Brooks,Double Live,Capitol Nashville,"(6,017,000)[40]",23× Platinum‡(2-disc album),,6017000,List_of_best-selling_albums_in_the_United_States,https://en.wikipedia.org/wiki/List_of_best-selling_albums_in_the_United_States,99cf0080-3cbe-3086-b8c4-2c4964cf3ae0,1998-11-17,1998.0,US
2007,Garth Brooks,The Ultimate Hits,Pearl Records,5000000,10× Platinum‡(2-disc album),,5000000,List_of_best-selling_albums_in_the_United_States,https://en.wikipedia.org/wiki/List_of_best-selling_albums_in_the_United_States,aec992a3-da09-3bd8-83e7-9159b86205d5,2007-10-15,2007.0,AU
1987,George Michael,Faith,Columbia,10000000,10× Platinum,,10000000,List_of_best-selling_albums_in_the_United_States,https://en.wikipedia.org/wiki/List_of_best-selling_albums_in_the_United_States,4e61585f-f341-3174-85cf-afad8df46fbe,1987-10-30,1987.0,AU
1994,Green Day,Dookie,Reprise Records,"(10,005,000)[4][5]",20× Platinum‡,,10005000,List_of_best-selling_albums_in_the_United_States,https://en.wikipedia.org/wiki/List_of_best-selling_albums_in_the_United_States,314cffd4-daa5-3337-85e5-e54165a96113,1994-01-28,1994.0,BR
,Green Day,American Idiot,,"11.6 US: 6 million[8] JPN: 500,000[9] UK: 2 million[10] GER: 800,000[11] FRA: 300,000[53] CAN: 1 million[13] AUS: 420,000[14] BRA: 93,627[36] NLD: 40,000[16] SWE: 60,000[18] SPA: 50,000[57] MEX: 100,000[15] BEL: 50,000[44] SWI: 80,000[20] AUT: 60,000[21] FIN: 23,133[22] NZ: 60,000[23]",,,11,List_of_best-selling_albums,https://en.wikipedia.org/wiki/List_of_best-selling_albums,de9bf827-a9b0-348b-a7c9-556c03c3fb07,2004-09-20,2004.0,AU
1987,Guns N' Roses,Appetite for Destruction,Geffen,18000000,18× Platinum,,18000000,List_of_best-selling_albums_in_the_United_States,https://en.wikipedia.org/wiki/List_of_best-selling_albums_in_the_United_States,a0b94d0a-210b-4b15-bd1d-93be2196c14a,1987-07-21,1987.0,AU
1994,Hootie & the Blowfish,Cracked Rear View,Atlantic,"(14,580,000)[5][8][9]",22× Platinum‡,,14580000,List_of_best-selling_albums_in_the_United_States,https://en.wikipedia.org/wiki/List_of_best-selling_albums_in_the_United_States,5c411048-4d5d-3f80-8eaf-ef20a7089404,1994-07-05,1994.0,AU
1969,Iron Butterfly,In-A-Gadda-Da-Vida,,8WW,,,8,List_of_best-selling_albums,https://en.wikipedia.org/wiki/List_of_best-selling_albums,89a793a2-8a49-38f7-9a48-ae771b414198,1968-06-14,1968.0,FR
,James Horner,Titanic: Music from the Motion Picture,,"18.1 US: 11 million[8] JPN: 1 million[143] UK: 900,000[10] GER: 1.25 million[11] FRA: 1 million[12] CAN: 1 million[13] AUS: 350,000[14] NLD: 175,000[16] SWE: 160,000[18] SPA: 400,000[33] ARG: 60,000[38] BEL: 150,000[44] POL: 140,000[39] SWI: 200,000[20] AUT: 100,000[21] NOR: 100,000[45] FIN: 73,509[22] NZ: 60,000[144] HKG: 20,000[25]",,,18,List_of_best-selling_albums,https://en.wikipedia.org/wiki/List_of_best-selling_albums,cfc7581a-385e-3933-93b7-432f16873cf3,1997-11-18,1997.0,CA
1976,James Taylor,Greatest Hits,Warner Bros.,11000000,11× Platinum,,11000000,List_of_best-selling_albums_in_the_United_States,https://en.wikipedia.org/wiki/List_of_best-selling_albums_in_the_United_States,a5fd3ef5-a9eb-36b6-92a1-72896d0ee310,1976-11-01,1976.0,US
1995,Jewel,Pieces of You,Atlantic,"(8,800,000)[5][27]",12× Platinum,,8800000,List_of_best-selling_albums_in_the_United_States,https://en.wikipedia.org/wiki/List_of_best-selling_albums_in_the_United_States,6429018a-ead6-3071-969e-ebc575ac1765,1994,1994.0,AU
1981,Journey,Escape,Columbia,10000000,10× Platinum‡,,10000000,List_of_best-selling_albums_in_the_United_States,https://en.wikipedia.org/wiki/List_of_best-selling_albums_in_the_United_States,89ed7ed6-4292-3892-b0de-c9c27005c08d,1981-07-17,1981.0,XE
1988,Journey,Greatest Hits,Columbia,18000000,18× Platinum‡,,18000000,List_of_best-selling_albums_in_the_United_States,https://en.wikipedia.org/wiki/List_of_best-selling_albums_in_the_United_States,1cdc94f2-7011-37ab-a068-75c41e01c9ed,1988-11-15,1988.0,CA
2010,Katy Perry,Teenage Dream,Capitol,"(3,100,000)[47]",10× Platinum‡,,3100000,List_of_best-selling_albums_in_the_United_States,https://en.wikipedia.org/wiki/List_of_best-selling_albums_in_the_United_States,e6f683c9-fc85-412c-a352-d6e411fc2603,2010-08-24,2010.0,AU
1992,Kenny G,Breathless,Arista,12000000,12× Platinum,,12000000,List_of_best-selling_albums_in_the_United_States,https://en.wikipedia.org/wiki/List_of_best-selling_albums_in_the_United_States,e2d1a876-69e6-336b-b168-e118e196812c,1992-10-20,1992.0,US
1980,Kenny Rogers,Greatest Hits,Liberty,12000000,12× Platinum,,12000000,List_of_best-selling_albums_in_the_United_States,https://en.wikipedia.org/wiki/List_of_best-selling_albums_in_the_United_States,1af6d880-7a00-334f-8d82-b1c9397cb514,2001,2001.0,
1998,Kid Rock,Devil Without a Cause,Atlantic Records,"(10,610,000)[5][18]",11× Platinum,,10610000,List_of_best-selling_albums_in_the_United_States,https://en.wikipedia.org/wiki/List_of_best-selling_albums_in_the_United_States,4a8ff174-fcd8-38d4-8ed3-a46334759251,1998-08-18,1998.0,CA
1998,Lauryn Hill,The Miseducation of Lauryn Hill,Columbia,"(8,078,477)[5][31]",10× Platinum‡,,8078477,List_of_best-selling_albums_in_the_United_States,https://en.wikipedia.org/wiki/List_of_best-selling_albums_in_the_United_States,8691d12c-abd8-385c-b1eb-d841190124f7,1998-08-19,1998.0,AU
1969,Led Zeppelin,Led Zeppelin II,Atlantic,12000000,12× Platinum,,12000000,List_of_best-selling_albums_in_the_United_States,https://en.wikipedia.org/wiki/List_of_best-selling_albums_in_the_United_States,33b4653d-006e-3cc1-8afb-386b15a6cd6e,1969-10-22,1969.0,US
1971,Led Zeppelin,"Untitled (""Led Zeppelin IV"")",Atlantic,24000000,24× Platinum‡,,24000000,List_of_best-selling_albums_in_the_United_States,https://en.wikipedia.org/wiki/List_of_best-selling_albums_in_the_United_States,,,,
1973,Led Zeppelin,Houses of the Holy,Atlantic,11000000,11× Platinum,,11000000,List_of_best-selling_albums_in_the_United_States,https://en.wikipedia.org/wiki/List_of_best-selling_albums_in_the_United_States,9b5006e5-b276-3a05-bcdd-8d986842320b,1973-03-28,1973.0,CA
1975,Led Zeppelin,Physical Graffiti,Swan Song,8000000,16× Platinum(2-disc album),,8000000,List_of_best-selling_albums_in_the_United_States,https://en.wikipedia.org/wiki/List_of_best-selling_albums_in_the_United_States,116c9490-6af4-3827-8261-2d5b1f508fe7,1975-02-24,1975.0,DE
1990,Led Zeppelin,Led Zeppelin Boxed Set,Atlantic Records,2500000,10× Platinum(4-disc album),,2500000,List_of_best-selling_albums_in_the_United_States,https://en.wikipedia.org/wiki/List_of_best-selling_albums_in_the_United_States,,,,
,Led Zeppelin,Led Zeppelin IV,,"30.4 US: 24 million[8] UK: 1.8 million[10] GER: 750,000[11] FRA: 600,000[53] CAN: 2 million[13] AUS: 630,000[14] BRA: 250,000[36] NLD: 100,000[16] ITA: 50,000[17] SPA: 100,000[35] NOR: 40,000[67] ARG: 60,000[38] SWI: 50,000[20]",,,30,List_of_best-selling_albums,https://en.wikipedia.org/wiki/List_of_best-selling_albums,2e61da88-39e9-3473-81d2-c964cb394952,1971-11-08,1971.0,FR
2000,Linkin Park,Hybrid Theory,Warner Bros.,"(11,956,000)[4][5]",12× Platinum‡,,11956000,List_of_best-selling_albums_in_the_United_States,https://en.wikipedia.org/wiki/List_of_best-selling_albums_in_the_United_States,43091de5-04b6-46e6-b181-b457694f4ce0,2023-07-21,2023.0,XW
1983,Lionel Richie,Can't Slow Down,Motown,10000000,10× Platinum,,10000000,List_of_best-selling_albums_in_the_United_States,https://en.wikipedia.org/wiki/List_of_best-selling_albums_in_the_United_States,cccdb1a1-333d-30e1-9486-81b8113e608a,1983-10-11,1983.0,CA
1990,MC Hammer,Please Hammer Don't Hurt 'Em,Capitol,10000000,10× Platinum,,10000000,List_of_best-selling_albums_in_the_United_States,https://en.wikipedia.org/wiki/List_of_best-selling_albums_in_the_United_States,4a076697-3fb1-31fa-aad8-60fc3d93e3ca,1990-01-30,1990.0,CA
1984,Madonna,Like a Virgin,Sire,10000000,10× Platinum,,10000000,List_of_best-selling_albums_in_the_United_States,https://en.wikipedia.org/wiki/List_of_best-selling_albums_in_the_United_States,b69580b9-7050-3994-b544-4407a22c097a,1984-11-13,1984.0,XE
1990,Madonna,The Immaculate Collection,Sire,11000000,11× Platinum‡,,11000000,List_of_best-selling_albums_in_the_United_States,https://en.wikipedia.org/wiki/List_of_best-selling_albums_in_the_United_States,73ef27d9-07ed-4084-adf8-9a48a9fd3e2e,,,
,Madonna,True Blue,,"14.5 US: 7 million[8] JPN: 100,000[9] UK: 2.1 million[10] GER: 1 million[11] FRA: 1 million[53] CAN: 1 million[13] AUS: 280,000[14] BRA: 100,000[36] NLD: 100,000[16] ITA: 800,000[71] SPA: 300,000[34] ARG: 240,000[38] BEL: 75,000[116] NOR: 100,000[71] SWI: 150,000[71] AUT: 50,000[71] FIN: 53,912[22] NZ: 75,000[23] POR: 20,000[71]",,,14,List_of_best-selling_albums,https://en.wikipedia.org/wiki/List_of_best-selling_albums,eb9c3e50-cfa9-3502-af63-41d39c4c3fa6,1986-06-30,1986.0,XE
1993,Mariah Carey,Music Box,Columbia,"(8,012,000)[5][29]",10× Platinum,,8012000,List_of_best-selling_albums_in_the_United_States,https://en.wikipedia.org/wiki/List_of_best-selling_albums_in_the_United_States,7625cb89-79a6-3a00-bc38-d44552add611,1993-08-31,1993.0,BR
1995,Mariah Carey,Daydream,Columbia,"(8,505,000)[5][29]",11× Platinum,,8505000,List_of_best-selling_albums_in_the_United_States,https://en.wikipedia.org/wiki/List_of_best-selling_albums_in_the_United_States,bf0126a1-b79c-3c9c-a892-f4bf4fac2bb0,1995-09-28,1995.0,AU
1996,Matchbox Twenty,Yourself or Someone Like You,Atlantic,"(9,358,000)[5][23]",12× Platinum,,9358000,List_of_best-selling_albums_in_the_United_States,https://en.wikipedia.org/wiki/List_of_best-selling_albums_in_the_United_States,,,,
1977,Meat Loaf,Bat Out of Hell,Epic Records,14000000,14× Platinum,,14000000,List_of_best-selling_albums_in_the_United_States,https://en.wikipedia.org/wiki/List_of_best-selling_albums_in_the_United_States,47616c4c-5d4b-30f6-83bc-60e1c696b099,1977-10-21,1977.0,DE
1991,Metallica,Metallica,Elektra,"(17,810,000)[4]",20× Platinum‡,,17810000,List_of_best-selling_albums_in_the_United_States,https://en.wikipedia.org/wiki/List_of_best-selling_albums_in_the_United_States,dd4b2235-a53c-4da5-b2f9-6d438b3a6229,1996,1996.0,DE
1979,Michael Jackson,Off the Wall,Epic Records,10000000,10× Platinum‡,,10000000,List_of_best-selling_albums_in_the_United_States,https://en.wikipedia.org/wiki/List_of_best-selling_albums_in_the_United_States,ee749c63-5699-38e0-b565-7e84414648d9,1979-08-10,1979.0,JP
1982,Michael Jackson,Thriller,Epic Records,34000000,34× Platinum‡,,34000000,List_of_best-selling_albums_in_the_United_States,https://en.wikipedia.org/wiki/List_of_best-selling_albums_in_the_United_States,f32fab67-77dd-3937-addc-9062e28e4c37,1982-11-29,1982.0,AU
1987,Michael Jackson,Bad,Epic Records,11000000,11× Platinum‡,,11000000,List_of_best-selling_albums_in_the_United_States,https://en.wikipedia.org/wiki/List_of_best-selling_albums_in_the_United_States,a5711a77-42d1-3f4c-830c-e27a96f0800f,1987-08-25,1987.0,CA
,Michael Jackson,Dangerous,,"17.0 US: 8 million[8] JPN: 400,000[9] UK: 1.8 million[10] GER: 2 million[11] FRA: 1 million[53] CAN: 600,000[13] AUS: 700,000[14] BRA: 100,000[36] MEX: 600,000[15] NLD: 300,000[16] SWE: 300,000[18] SPA: 600,000[33] SWI: 250,000[20] AUT: 200,000[21] DEN: 60,000[84] FIN: 61,896[22] NZ: 90,000[24] ITA: 60,000[17]",,,17,List_of_best-selling_albums,https://en.wikipedia.org/wiki/List_of_best-selling_albums,d6b52521-0dfa-390f-970f-790174c22752,1991-11-25,1991.0,AU
,Michael Jackson,"HIStory: Past, Present and Future, Book I",,"15.2 US: 8 million[8] JPN: 400,000[9] UK: 1.2 million[10] GER: 1.5 million[11] FRA: 1 million[53] CAN: 500,000[13] AUS: 560,000[14] BRA: 100,000[36] NLD: 300,000[16] ITA: 35,000[17] SWE: 100,000[18] SPA: 300,000[57] ARG: 60,000[38] DEN: 250,000[181] MEX: 100,000[15] BEL: 250,000[44] NOR: 50,000[45] SWI: 150,000[20] AUT: 100,000[21] POL: 100,000[39] FIN: 61,352[22] NZ: 135,000[23]",,,15,List_of_best-selling_albums,https://en.wikipedia.org/wiki/List_of_best-selling_albums,2324e560-e8ba-302d-a43d-2ea5ec9c83f7,1995-05-01,1995.0,AU
1998,NSYNC,*NSYNC,RCA,"(10,300,000)[5][19]",10× Platinum,,10300000,List_of_best-selling_albums_in_the_United_States,https://en.wikipedia.org/wiki/List_of_best-selling_albums_in_the_United_States,0630b411-270c-3ff9-a20d-28762a132cbf,1997-05-30,1997.0,DE
2000,NSYNC,No Strings Attached,Jive,"(12,680,000)[5][11]",12× Platinum‡,,12680000,List_of_best-selling_albums_in_the_United_States,https://en.wikipedia.org/wiki/List_of_best-selling_albums_in_the_United_States,a648d0c2-1438-33d0-87d2-5fbab3c0990a,2000-03-20,2000.0,XE
2000,Nelly,Country Grammar,Universal,"(8,581,000)[28]",10× Platinum‡,,8581000,List_of_best-selling_albums_in_the_United_States,https://en.wikipedia.org/wiki/List_of_best-selling_albums_in_the_United_States,89789ff3-f783-38ec-8392-7c845d1eeed8,2000-06-27,2000.0,AU
2005,Nickelback,All the Right Reasons,Roadrunner,"(7,960,000)[33]",10× Platinum‡,,7960000,List_of_best-selling_albums_in_the_United_States,https://en.wikipedia.org/wiki/List_of_best-selling_albums_in_the_United_States,11c5709d-6939-3519-97e8-6be48f3bd4f2,2005-09-26,2005.0,CA
1991,Nirvana,Nevermind,DGC Records,"(11,640,000)[4][5]",13× Platinum‡,,11640000,List_of_best-selling_albums_in_the_United_States,https://en.wikipedia.org/wiki/List_of_best-selling_albums_in_the_United_States,1b022e01-4da6-387b-8658-8678046e4cef,1991-09-24,1991.0,CA
1995,No Doubt,Tragic Kingdom,Trauma/Interscope Records,"(9,520,000)[5][22]",10× Platinum,,9520000,List_of_best-selling_albums_in_the_United_States,https://en.wikipedia.org/wiki/List_of_best-selling_albums_in_the_United_States,04b0b075-bed7-388b-b44b-cf34077ad96c,1995-10-10,1995.0,CA
2002,Norah Jones,Come Away with Me,Blue Note,"(11,100,000)[17]",12× Platinum‡,,11100000,List_of_best-selling_albums_in_the_United_States,https://en.wikipedia.org/wiki/List_of_best-selling_albums_in_the_United_States,6ccac9d2-22ed-33de-bd5d-f2aadcacf7f8,2002-02-26,2002.0,CA
,Oasis,(What's the Story) Morning Glory?,,"11.6 US: 4 million[8] JPN: 200,000[9] UK: 4.8 million[10] GER: 250,000[11] FRA: 300,000[53] CAN: 800,000[13] AUS: 560,000[14] NLD: 50,000[16] ITA: 100,000[17] SWE: 100,000[18] SPA: 200,000[57] ARG: 30,000[38] DEN: 120,000[184] BEL: 25,000[44] NOR: 50,000[45] SWI: 25,000[20] AUT: 25,000[21] FIN: 27,540[22] NZ: 15,000[23]",,,11,List_of_best-selling_albums,https://en.wikipedia.org/wiki/List_of_best-selling_albums,cc7e6348-cc55-31fa-aeb2-748a46a81cb3,1995-10-02,1995.0,AR
2003,Outkast,Speakerboxxx/The Love Below,"LaFace, Arista","(5,702,000)[41]",13× Platinum‡(2-disc album),,5702000,List_of_best-selling_albums_in_the_United_States,https://en.wikipedia.org/wiki/List_of_best-selling_albums_in_the_United_States,,,,
1967,Patsy Cline,Patsy Cline's Greatest Hits,Decca,10000000,10× Platinum,,10000000,List_of_best-selling_albums_in_the_United_States,https://en.wikipedia.org/wiki/List_of_best-selling_albums_in_the_United_States,26239187-b3f4-3bac-b3cd-538a93b3fcf1,1967-03-13,1967.0,CA
1991,Pearl Jam,Ten,Epic Records,"(10,790,000)[4]",13× Platinum,,10790000,List_of_best-selling_albums_in_the_United_States,https://en.wikipedia.org/wiki/List_of_best-selling_albums_in_the_United_States,cea5d18a-1924-3cda-bebc-38933834b25d,1991-08-27,1991.0,AU
1985,Phil Collins,No Jacket Required,Atlantic,12000000,12× Platinum,,12000000,List_of_best-selling_albums_in_the_United_States,https://en.wikipedia.org/wiki/List_of_best-selling_albums_in_the_United_States,86b4651b-a6ea-3ac2-ba99-dcac079938d2,1985-01-25,1985.0,AU
1973,Pink Floyd,The Dark Side of the Moon,Harvest/Capitol,15000000,15× Platinum,,15000000,List_of_best-selling_albums_in_the_United_States,https://en.wikipedia.org/wiki/List_of_best-selling_albums_in_the_United_States,f5093c06-23e3-404f-aeaa-40f72885ee3a,1973-03-24,1973.0,AU
1979,Pink Floyd,The Wall,Columbia/Harvest Records,11500000,23× Platinum(2-disc album),,11500000,List_of_best-selling_albums_in_the_United_States,https://en.wikipedia.org/wiki/List_of_best-selling_albums_in_the_United_States,c4edc6ac-2e47-4ef9-ae83-7f2ef37f3f20,1993,1993.0,IT
,Pink Floyd,Wish You Were Here,,"10.9 US: 6 million[8] GER: 1.5 million[11] FRA: 1 million[53] UK: 600,000[10] AUS: 490,000[14] ITA: 450,000[17] SPA: 325,000[57] CAN: 300,000[13] AUT: 100,000[21] BRA: 80,000[36] ARG: 30,000[38] POL: 20,000[39]",,,10,List_of_best-selling_albums,https://en.wikipedia.org/wiki/List_of_best-selling_albums,aec8c2eb-0639-436f-99db-9974781f241c,2013,2013.0,XW
1984,Prince and the Revolution,Purple Rain,Warner,13000000,13× Platinum,,13000000,List_of_best-selling_albums_in_the_United_States,https://en.wikipedia.org/wiki/List_of_best-selling_albums_in_the_United_States,b93a7c47-a6d4-33f2-9034-53fdd991f4ba,1984-06-25,1984.0,AU
,Queen,Greatest Hits,,"20.6 US: 9 million[8] JPN: 100,000[9] UK: 6.9 million[10] GER: 1.750 million[11] FRA: 200,000[53] CAN: 300,000[13] AUS: 1.05 million[14] BRA: 250,000[36] NLD: 100,000[16] ITA: 50,000[17] SWE: 50,000[18] SPA: 50,000[34] ARG: 180,000[38] SWI: 250,000[20] AUT: 200,000[21] POL: 50,000[39] FIN: 55,058[22] NZ: 150,000[23]",,,20,List_of_best-selling_albums,https://en.wikipedia.org/wiki/List_of_best-selling_albums,b6d1f1a6-fc62-49bc-8426-dcfd8a95de91,2008,2008.0,RU
1980,REO Speedwagon,Hi Infidelity,Epic Records,10000000,10× Platinum‡,,10000000,List_of_best-selling_albums_in_the_United_States,https://en.wikipedia.org/wiki/List_of_best-selling_albums_in_the_United_States,89a69718-85a9-3ac6-b935-8e02ad89638b,1980-11-21,1980.0,US
1999,Santana,Supernatural,Arista,"(13,110,000)[5][11]",15× Platinum,,13110000,List_of_best-selling_albums_in_the_United_States,https://en.wikipedia.org/wiki/List_of_best-selling_albums_in_the_United_States,70e23797-9da2-33bb-be6f-a85e7b581b69,1999-06-15,1999.0,AU
1995,Shania Twain,The Woman in Me,Mercury Nashville,"(8,894,000)[5][26]",12× Platinum,,8894000,List_of_best-selling_albums_in_the_United_States,https://en.wikipedia.org/wiki/List_of_best-selling_albums_in_the_United_States,6f381dd5-4fb0-3ae1-8742-c0100466b535,1995-02-07,1995.0,AU
1997,Shania Twain,Come On Over,Mercury Nashville,"(17,690,000)[5][6]",20× Platinum,,17690000,List_of_best-selling_albums_in_the_United_States,https://en.wikipedia.org/wiki/List_of_best-selling_albums_in_the_United_States,45bcf3e0-a274-3bdd-9130-299a5ef780ea,1997-11-04,1997.0,CA
2002,Shania Twain,Up!,Mercury Nashville,"(5,409,000)[41]",11× Platinum(2-disc album),,5409000,List_of_best-selling_albums_in_the_United_States,https://en.wikipedia.org/wiki/List_of_best-selling_albums_in_the_United_States,f4b7d3e6-059a-4846-9eab-014e37d47290,2002-11-18,2002.0,AR
1972,Simon & Garfunkel,Simon and Garfunkel's Greatest Hits,Columbia,14000000,14× Platinum,,14000000,List_of_best-selling_albums_in_the_United_States,https://en.wikipedia.org/wiki/List_of_best-selling_albums_in_the_United_States,a39bc4d1-82c9-3ff2-97d0-817f5913fb61,1972-06-14,1972.0,CA
,Simon & Garfunkel,Bridge over Troubled Water,,"12.5 US: 8 million[8] UK: 3.3 million[10] GER: 500,000[11] FRA: 300,000[53] CAN: 400,000[13] SWI: 25,000[20] FIN: 25,000[22]",,,12,List_of_best-selling_albums,https://en.wikipedia.org/wiki/List_of_best-selling_albums,c39f7f80-d42f-3669-9653-230f8e922083,1970-01-26,1970.0,BR
1978,Soundtrack,Grease,RSO,13000000,13× Platinum‡,,13000000,List_of_best-selling_albums_in_the_United_States,https://en.wikipedia.org/wiki/List_of_best-selling_albums_in_the_United_States,,,,
1984,Soundtrack,Footloose,Columbia,10000000,10× Platinum‡,,10000000,List_of_best-selling_albums_in_the_United_States,https://en.wikipedia.org/wiki/List_of_best-selling_albums_in_the_United_States,,,,
1987,Soundtrack,Dirty Dancing,RCA,14000000,14× Platinum,,14000000,List_of_best-selling_albums_in_the_United_States,https://en.wikipedia.org/wiki/List_of_best-selling_albums_in_the_United_States,,,,
1994,Soundtrack,Forrest Gump,Epic Records,"(4,400,000)[45]",12× Platinum(2-disc album),,4400000,List_of_best-selling_albums_in_the_United_States,https://en.wikipedia.org/wiki/List_of_best-selling_albums_in_the_United_States,,,,
1994,Soundtrack,The Lion King,Walt Disney Records,"(7,879,000)[34]",10× Platinum,,7879000,List_of_best-selling_albums_in_the_United_States,https://en.wikipedia.org/wiki/List_of_best-selling_albums_in_the_United_States,81e8ea63-c354-444a-a36f-9a4352c1af12,2013-01-01,2013.0,XW
1997,Soundtrack,Titanic,Epic Records,"(11,146,000)[5][16]",11× Platinum,,11146000,List_of_best-selling_albums_in_the_United_States,https://en.wikipedia.org/wiki/List_of_best-selling_albums_in_the_United_States,,,,
1977,Soundtrack / Bee Gees,Saturday Night Fever,RSO,16000000,16× Platinum‡,,16000000,List_of_best-selling_albums_in_the_United_States,https://en.wikipedia.org/wiki/List_of_best-selling_albums_in_the_United_States,,,,
1992,Soundtrack / Whitney Houston,The Bodyguard,Arista,"(13,450,000)[5][11]",19× Platinum‡,,13450000,List_of_best-selling_albums_in_the_United_States,https://en.wikipedia.org/wiki/List_of_best-selling_albums_in_the_United_States,,,,
,Spice Girls,Spice,,"16.4 US: 7 million[8] JPN: 400,000[9] UK: 3 million[10] GER: 750,000[11] FRA: 1 million[53] CAN: 1 million[13] AUS: 420,000[14] BRA: 500,000[36] NLD: 300,000[16] SWE: 160,000[18] SPA: 1 million[57] DEN: 120,000[176] MEX: 100,000[15] BEL: 150,000[44] NOR: 100,000[45] SWI: 100,000[20] AUT: 50,000[21] POL: 200,000[39] FIN: 76,375[22] NZ: 15,000[23]",,,16,List_of_best-selling_albums,https://en.wikipedia.org/wiki/List_of_best-selling_albums,4180845c-8700-3fda-af8f-0b9f3a932009,1996-09-19,1996.0,AU
1978,Steve Miller Band,Greatest Hits 1974–78,Capitol,15000000,15× Platinum‡,,15000000,List_of_best-selling_albums_in_the_United_States,https://en.wikipedia.org/wiki/List_of_best-selling_albums_in_the_United_States,3f14d1a9-74c6-3b35-a2f1-211d67e1ff19,1978,1978.0,DE
1976,Stevie Wonder,Songs in the Key of Life,Motown,5000000,10× Platinum(2-disc album),,5000000,List_of_best-selling_albums_in_the_United_States,https://en.wikipedia.org/wiki/List_of_best-selling_albums_in_the_United_States,ea88b09b-fd34-33cf-a3e5-25a3a2fb4c6f,1976-09-28,1976.0,DE
1994,TLC,CrazySexyCool,LaFace,"(8,970,000)[5][25]",12× Platinum‡,,8970000,List_of_best-selling_albums_in_the_United_States,https://en.wikipedia.org/wiki/List_of_best-selling_albums_in_the_United_States,3d886c06-a4c7-3431-be87-2b2940f07acd,1994-11-15,1994.0,AU
2008,Taylor Swift,Fearless,Big Machine Records,"(7,286,000)[37]",11× Platinum‡,,7286000,List_of_best-selling_albums_in_the_United_States,https://en.wikipedia.org/wiki/List_of_best-selling_albums_in_the_United_States,63eba062-847c-3b73-8b0f-6baf27bba6fa,2008-11-11,2008.0,CN
2014,Taylor Swift,1989,Big Machine Records,"(6,472,000)[39]",14× Platinum‡,,6472000,List_of_best-selling_albums_in_the_United_States,https://en.wikipedia.org/wiki/List_of_best-selling_albums_in_the_United_States,148bfc79-6dc7-4d06-8108-c686398a8c94,2022-01-01,2022.0,
1967,The Beatles,Sgt. Pepper's Lonely Hearts Club Band,Capitol,11000000,11× Platinum,,11000000,List_of_best-selling_albums_in_the_United_States,https://en.wikipedia.org/wiki/List_of_best-selling_albums_in_the_United_States,cfd2ffc9-757a-44fc-94e1-39cf93ab86e0,2009,2009.0,GB
1968,The Beatles,"The Beatles (""The White Album"")",Apple,12000000,24× Platinum‡(2-disc album),,12000000,List_of_best-selling_albums_in_the_United_States,https://en.wikipedia.org/wiki/List_of_best-selling_albums_in_the_United_States,,,,
1969,The Beatles,Abbey Road,Apple,12000000,12× Platinum,,12000000,List_of_best-selling_albums_in_the_United_States,https://en.wikipedia.org/wiki/List_of_best-selling_albums_in_the_United_States,42ef6001-3113-440c-ae7c-3667c7351e35,2012,2012.0,JP
1973,The Beatles,The Beatles 1962 - 1966,Apple,7500000,15× Platinum(2-disc album),,7500000,List_of_best-selling_albums_in_the_United_States,https://en.wikipedia.org/wiki/List_of_best-selling_albums_in_the_United_States,5bb120e2-fe76-33cc-a4bb-8f56f2fd3d67,1973-04-02,1973.0,DE
1973,The Beatles,The Beatles 1967 - 1970,Apple,8500000,17× Platinum(2-disc album),,8500000,List_of_best-selling_albums_in_the_United_States,https://en.wikipedia.org/wiki/List_of_best-selling_albums_in_the_United_States,,,,
2000,The Beatles,1,Apple/EMI/Capitol,"(12,800,000)[12]",11× Platinum(as of 2010),,12800000,List_of_best-selling_albums_in_the_United_States,https://en.wikipedia.org/wiki/List_of_best-selling_albums_in_the_United_States,4f539c70-1a19-37a3-ba14-979f11fc0686,2000-11-13,2000.0,AU
1976,The Doobie Brothers,Best of The Doobies,Warner Bros.,10000000,10× Platinum,,10000000,List_of_best-selling_albums_in_the_United_States,https://en.wikipedia.org/wiki/List_of_best-selling_albums_in_the_United_States,478125ef-da65-34b0-8d0e-f854ebf854f0,1976-10-29,1976.0,DE
1985,The Doors,The Best of The Doors,Elektra,5000000,10× Platinum(2-disc album),,5000000,List_of_best-selling_albums_in_the_United_States,https://en.wikipedia.org/wiki/List_of_best-selling_albums_in_the_United_States,6e4999fb-6757-38a8-9a79-ce21c67746be,2000-09-12,2000.0,AU
1997,The Notorious B.I.G.,Life After Death,Bad Boy Records/Arista,"(6,480,000)[5][38]","11× Platinum‡(2-disc album, as of 2018)",,6480000,List_of_best-selling_albums_in_the_United_States,https://en.wikipedia.org/wiki/List_of_best-selling_albums_in_the_United_States,132d78be-baa5-3301-aba5-933409e3f848,1997-03-25,1997.0,CA
1971,The Rolling Stones,Hot Rocks 1964-1971,London,6000000,12× Platinum(2-disc album),,6000000,List_of_best-selling_albums_in_the_United_States,https://en.wikipedia.org/wiki/List_of_best-selling_albums_in_the_United_States,6e33402c-62db-3dc9-af86-2c1bef99ce2f,1971-12-20,1971.0,US
1995,The Smashing Pumpkins,Mellon Collie and the Infinite Sadness,Virgin,"(4,900,000)[44]",10× Platinum(2-disc album),,4900000,List_of_best-selling_albums_in_the_United_States,https://en.wikipedia.org/wiki/List_of_best-selling_albums_in_the_United_States,1af599c9-0b44-3a5a-a06b-39e8db6b2b4e,1995-10-23,1995.0,XE
1993,Tom Petty and the Heartbreakers,Greatest Hits,MCA,"(8,200,000)[30]",12× Platinum,,8200000,List_of_best-selling_albums_in_the_United_States,https://en.wikipedia.org/wiki/List_of_best-selling_albums_in_the_United_States,cb29784b-db64-3cce-b269-ce711862ca3a,1993-11-01,1993.0,FR
,Tracy Chapman,Tracy Chapman,,"13.3 US: 6 million[8] UK: 2.1 million[10] GER: 2.250 million[11] FRA: 1 million[53] CAN: 300,000[13] AUS: 490,000[14] BRA: 100,000[36] NLD: 100,000[16] ITA: 25,000[17] SWE: 50,000[18] SPA: 300,000[35] ARG: 120,000[38] DEN: 120,000[207] SWI: 200,000[20] AUT: 100,000[21] NZ: 15,000[23] POR: 40,000[208]",,,13,List_of_best-selling_albums,https://en.wikipedia.org/wiki/List_of_best-selling_albums,a738bdf1-f610-30aa-9ae7-9a4f90d6f2d7,1988-04-05,1988.0,XE
1987,U2,The Joshua Tree,Island,10000000,10× Platinum,,10000000,List_of_best-selling_albums_in_the_United_States,https://en.wikipedia.org/wiki/List_of_best-selling_albums_in_the_United_States,6f3e9fa6-be7a-3de8-a2b2-2072ece8a54d,1987-03-09,1987.0,AU
2004,Usher,Confessions,Arista,"(10,300,000)[17]",14× Platinum‡,,10300000,List_of_best-selling_albums_in_the_United_States,https://en.wikipedia.org/wiki/List_of_best-selling_albums_in_the_United_States,0ee013ee-5f59-35d5-b6b8-26a0cb3e4372,2004-03-22,2004.0,GB
1978,Van Halen,Van Halen,Warner Bros.,10000000,10× Platinum,,10000000,List_of_best-selling_albums_in_the_United_States,https://en.wikipedia.org/wiki/List_of_best-selling_albums_in_the_United_States,43a0e8b5-6059-397f-81e6-b8df5a648496,1978-02-10,1978.0,JP
1984,Van Halen,1984 (MCMLXXXIV),Warner Bros.,10000000,10× Platinum,,10000000,List_of_best-selling_albums_in_the_United_States,https://en.wikipedia.org/wiki/List_of_best-selling_albums_in_the_United_States,,,,
1945,Various Artists,Oklahoma! (78 rpm album),,0.5,,,0,List_of_best-selling_albums,https://en.wikipedia.org/wiki/List_of_best-selling_albums,,,,
1956,Various Artists,Oklahoma! (LP album),,1.75,,,1,List_of_best-selling_albums,https://en.wikipedia.org/wiki/List_of_best-selling_albums,,,,
1956/1957,Various Artists,My Fair Lady,,2,,,2,List_of_best-selling_albums,https://en.wikipedia.org/wiki/List_of_best-selling_albums,ae91dc23-5b3d-4529-9717-dd24cc19e7a0,1962-09,1962.0,DE
1960,Various Artists,South Pacific,,2.25,,,2,List_of_best-selling_albums,https://en.wikipedia.org/wiki/List_of_best-selling_albums,737fb45a-9e2e-48a1-948e-de884ac42393,1983,1983.0,JP
1975/1976,Various Artists,The Sound of Music,,10–15SM-T,,,10,List_of_best-selling_albums,https://en.wikipedia.org/wiki/List_of_best-selling_albums,7b8ea9f7-ff60-4da0-8c3b-adca83088c71,1993,1993.0,DE
,Various artists,Dirty Dancing,,"24.1 US: 14 million[8] UK: 3 million[10] GER: 3.250 million[11] FRA: 1 million[12] CAN: 1 million[13] AUS: 770,000[14] BRA: 100,000[36] NLD: 100,000[16] ITA: 25,000[17] SPA: 400,000[43] SWE: 100,000[18] DEN: 60,000[80] POL: 50,000[39] SWI: 250,000[20] NZ: 15,000[24] HKG: 7,500[25]",,,24,List_of_best-selling_albums,https://en.wikipedia.org/wiki/List_of_best-selling_albums,c5f12efe-ecc1-461e-b164-e7a4329df6f5,2004-04-26,2004.0,
,Various artists,Grease: The Original Soundtrack from the Motion Picture,,"20 US: 13 million[8] UK: 2.7 million[10] GER: 1.25 million[11] FRA: 400,000[12] CAN: 1 million[13] AUS: 980,000[14] ITA: 50,000[17] SPA: 300,000[33] DEN: 140,000[136] BEL: 25,000[44] NOR: 50,000[45] SWI: 25,000[20] NZ: 90,000[23] HKG: 20,000[25]",,,20,List_of_best-selling_albums,https://en.wikipedia.org/wiki/List_of_best-selling_albums,61cb81de-fc03-3437-8ba0-216730ff9c03,1978-04-14,1978.0,DK
1963,Vaughn Meader,The First Family,,4,,,4,List_of_best-selling_albums,https://en.wikipedia.org/wiki/List_of_best-selling_albums,a46c3f20-fd51-3dbe-9038-132be0a7bd05,,,
1985,Whitney Houston,Whitney Houston,Arista,14000000,14× Platinum‡,,14000000,List_of_best-selling_albums_in_the_United_States,https://en.wikipedia.org/wiki/List_of_best-selling_albums_in_the_United_States,131d12c0-e720-31df-a2f9-d9abd868ceaf,1985-02-14,1985.0,CA
1987,Whitney Houston,Whitney,Arista,10000000,10× Platinum‡,,10000000,List_of_best-selling_albums_in_the_United_States,https://en.wikipedia.org/wiki/List_of_best-selling_albums_in_the_United_States,38adb269-822e-393e-9cf2-aac5950b235d,2002-12-10,2002.0,DE
,Whitney Houston / Various artists,The Bodyguard,,"29.7 US: 19 million[8] JPN: 2 million[41][42] UK: 2.1 million[10] GER: 1.5 million[11] FRA: 1 million[12] CAN: 1 million[13] AUS: 350,000[14] BRA: 750,000[36] NLD: 100,000[16] ITA: 25,000[17] SWE: 100,000[18] SPA: 600,000[33][43] ARG: 240,000[38] BEL: 200,000[44] POL: 50,000[39] SWI: 250,000[20] AUT: 200,000[21] NOR: 200,000[45] FIN: 56,486[22] NZ: 15,000[23]",,,29,List_of_best-selling_albums,https://en.wikipedia.org/wiki/List_of_best-selling_albums,,,,
1983,ZZ Top,Eliminator,Warner Bros.,10000000,10× Platinum,,10000000,List_of_best-selling_albums_in_the_United_States,https://en.wikipedia.org/wiki/List_of_best-selling_albums_in_the_United_States,c58b50f0-d7a4-322c-b281-d86ebe3b8acf,1983-03-23,1983.0,AT
